<?xml version="1.0" encoding="UTF-8" ?>
<!DOCTYPE log4j:configuration SYSTEM "log4j.dtd">
<log4j:configuration xmlns:log4j="http://jakarta.apache.org/log4j/" threshold="all">
    <appender name="consoleAppender" class="org.apache.log4j.ConsoleAppender">
        <layout class="org.apache.log4j.PatternLayout">
            <param name="ConversionPattern" value="[%d{yyyy-MM-dd HH:mm:ss}] [%c] [%C] [%p] %m%n" />
        </layout>
    </appender>
    <appender name="fileAppender" class="org.apache.log4j.DailyRollingFileAppender">
        <param name="File" value="D:\\zwq\\logs\\jewelry.log" />
        <param name="DatePattern" value="'.'yyyy-MM-dd" />
        <layout class="org.apache.log4j.PatternLayout">
            <param name="ConversionPattern" value="[%d{yyyy-MM-dd HH:mm:ss}] [%c] [%p] %m%n" />
        </layout>
    </appender>
    <logger name="com.jewelry" additivity="false">
        <level class="org.apache.log4j.Level" value="info" />
        <appender-ref ref="consoleAppender" />
        <appender-ref ref="fileAppender" />
    </logger>
    <logger name="com.jewelry.mapper" additivity="false">
        <level class="org.apache.log4j.Level" value="debug" />
        <appender-ref ref="consoleAppender" />
        <appender-ref ref="fileAppender" />
    </logger>
    <root>
        <priority value="info" />
        <appender-ref ref="consoleAppender" />
        <appender-ref ref="fileAppender" />
    </root>
</log4j:configuration>