<?xml version="1.0" encoding="UTF-8"?>
<beans xmlns="http://www.springframework.org/schema/beans"
    xmlns:xsi="http://www.w3.org/2001/XMLSchema-instance"
    xmlns:aop="http://www.springframework.org/schema/aop"
    xmlns:tx="http://www.springframework.org/schema/tx"
    xmlns:context="http://www.springframework.org/schema/context"
    xmlns:p="http://www.springframework.org/schema/p"
    xsi:schemaLocation="
        http://www.springframework.org/schema/beans
        http://www.springframework.org/schema/beans/spring-beans.xsd
        http://www.springframework.org/schema/tx
        http://www.springframework.org/schema/tx/spring-tx.xsd
        http://www.springframework.org/schema/aop
        http://www.springframework.org/schema/aop/spring-aop.xsd
        http://www.springframework.org/schema/context
        http://www.springframework.org/schema/context/spring-context.xsd" default-autowire="byName">
        
    <!-- 扫描Spring注解, mapper中没有spring注解,现在不需要扫描 -->
    <context:component-scan base-package="com.jewelry"></context:component-scan>
    
    <!-- 加载properties文件 -->
	<bean id="propertyConfigurer" class="org.springframework.beans.factory.config.PropertyPlaceholderConfigurer" lazy-init="false">
		<property name="locations">
			<list>
				<value>classpath:jdbc.properties</value>
				<value>classpath:config/*.properties</value>
			</list>
		</property>
	</bean>
    
    
    <!-- 主数据源，约定为dataSource -->
	<bean id="dataSource" class="org.apache.commons.dbcp.BasicDataSource">
		<property name="username" value="${datasource.username}"></property>
		<property name="password" value="${datasource.password}"></property>
		<property name="url" value="${datasource.url}"></property>
		<property name="driverClassName" value="${datasource.driverClassName}"></property>
		<!-- <property name="initialSize" value="${dbcp.initialSize}"></property> -->
		<property name="maxActive" value="${datasource.maxActive}"></property>
		<property name="maxIdle" value="${datasource.maxIdle}"></property>
		<property name="minIdle" value="${datasource.minIdle}"></property>
		<property name="maxWait" value="${datasource.maxWait}"></property>
		<property name="removeAbandoned" value="${dbcp.removeAbandoned}"></property>
		<property name="removeAbandonedTimeout" value="${dbcp.removeAbandonedTimeout}"></property>
		<property name="logAbandoned" value="${dbcp.logAbandoned}"></property>
		<property name="validationQuery" value="select 1 from dual"></property>
	</bean>
    <!-- 配置SqlSessionFactory,名称不能为sqlSessionFactory,会被扫描器自动注入,导致优先级变高,属性文件没有加载成功,获取属性文件中内容,可能报错 -->
    <bean id="sessionFactory" class="org.mybatis.spring.SqlSessionFactoryBean">
    	<property name="typeAliasesPackage" value="com.jewelry.po"></property>
    	<property name="configLocation" value="classpath:mybatis/mybatis.xml"></property>
    </bean>
    <!-- 扫描器,不需要被别人引用,所以不需要起id -->
    <bean class="org.mybatis.spring.mapper.MapperScannerConfigurer" p:basePackage="com.jewelry.mapper" p:sqlSessionFactoryBeanName="sessionFactory"></bean>
    
	<!-- PlatformTransactionMnager 基于注解的声明式事务管理配置-->
	<bean id="txManager" class="org.springframework.jdbc.datasource.DataSourceTransactionManager">
	    <property name="dataSource" ref="dataSource" />
	</bean>
	<!-- enable transaction annotation support -->
	<tx:annotation-driven transaction-manager="txManager" />
</beans>
