<?xml version="1.0" encoding="UTF-8"?>
<beans xmlns="http://www.springframework.org/schema/beans"
	xmlns:xsi="http://www.w3.org/2001/XMLSchema-instance" xmlns:context="http://www.springframework.org/schema/context"
	xmlns:mvc="http://www.springframework.org/schema/mvc"
	xmlns:cache="http://www.springframework.org/schema/cache"
	xsi:schemaLocation="http://www.springframework.org/schema/beans
        http://www.springframework.org/schema/beans/spring-beans.xsd
        http://www.springframework.org/schema/context
        http://www.springframework.org/schema/context/spring-context.xsd
        http://www.springframework.org/schema/mvc
        http://www.springframework.org/schema/mvc/spring-mvc.xsd
        http://www.springframework.org/schema/cache
        http://www.springframework.org/schema/cache/spring-cache.xsd">
     
     <!-- 注解驱动 -->
	 <mvc:annotation-driven> 
		  <mvc:message-converters register-defaults="true"> 
		    <bean class="com.alibaba.fastjson.support.spring.FastJsonHttpMessageConverter">  
		      <property name="supportedMediaTypes" value="text/plain;charset=UTF-8"/> 
		      <!--设置fastjson特性--> 
		      <property name="features"> 
		        <array> 
		          <!--设置null值也要输出，fastjson默认是关闭的--> 
		          <value>WriteMapNullValue</value> 
		          <!--设置使用文本方式输出日期，fastjson默认是long--> 
		          <value>WriteDateUseDateFormat</value> 
		          <!--                         Fastjson的SerializerFeature序列化属性：  -->
<!-- 						QuoteFieldNames———-输出key时是否使用双引号,默认为true  -->
<!-- 						WriteMapNullValue——–是否输出值为null的字段,默认为false  -->
<!-- 						WriteNullNumberAsZero—-数值字段如果为null,输出为0,而非null  -->
<!-- 						WriteNullListAsEmpty—–List字段如果为null,输出为[],而非null  -->
<!-- 						WriteNullStringAsEmpty—字符类型字段如果为null,输出为”“,而非null  -->
<!-- 						WriteNullBooleanAsFalse–Boolean字段如果为null,输出为false,而非null -->
		        </array> 
		      </property> 
		    </bean> 
		  </mvc:message-converters>  
	</mvc:annotation-driven> 

	<!-- 扫描包,controller由springmvc进行扫描,不由spring进行扫描,否则可能导致事务无法回滚问题 -->
	<context:component-scan base-package="com.jewelry"></context:component-scan>
	
	<!-- 视图解析器 --> 
<!-- 	<bean -->
<!-- 		class="org.springframework.web.servlet.view.InternalResourceViewResolver"> -->
<!-- 		<property name="prefix" value="/WEB-INF/jsp/"></property> -->
<!-- 		<property name="suffix" value=".jsp"></property> -->
<!-- 	</bean> -->
	
<!-- 	<mvc:resources location="/WEB-INF/images/" mapping="/images/**" /> -->
<!-- 	<mvc:resources location="/WEB-INF/js/" mapping="/js/**" /> -->
<!-- 	<mvc:resources location="/WEB-INF/css/" mapping="/css/**" /> -->
	<!-- 文件上传解析器 -->
	<bean id="multipartResolver"
		class="org.springframework.web.multipart.commons.CommonsMultipartResolver">
	</bean>
	
	<!--配置拦截器 -->
	<mvc:interceptors>
		<!-- 身份认证 -->
		<mvc:interceptor>
			<mvc:mapping path="/**" />
			<mvc:exclude-mapping path="/user/login.do" />
			<bean class="com.jewelry.config.interceptor.IDAuthenticateInterceptor" />
		</mvc:interceptor>
		
		<mvc:interceptor>
			<mvc:mapping path="/*/*.ajax" />
			<mvc:mapping path="/*/*.do" />
			<bean class="com.jewelry.config.interceptor.DefaultDataDelInterceptor" />
		</mvc:interceptor>
	</mvc:interceptors>
	
	<!-- ehcache -->
	<cache:annotation-driven cache-manager="cacheManager" />
	<bean id="cacheManagerFactory" class="org.springframework.cache.ehcache.EhCacheManagerFactoryBean">
		<property name="configLocation" value="classpath:config/ehcache.xml"/>
	</bean>
	<bean id="cacheManager" class="org.springframework.cache.ehcache.EhCacheCacheManager">
		<property name="cacheManager" ref="cacheManagerFactory" />
	</bean>
</beans>
