<?xml version="1.0" encoding="UTF-8" ?>
<!DOCTYPE mapper PUBLIC "-//mybatis.org//DTD Mapper 3.0//EN" "http://mybatis.org/dtd/mybatis-3-mapper.dtd" >
<mapper namespace="com.jewelry.mapper.CompanyMapper">

	<resultMap id="company" type="com.jewelry.config.pojo.Company">
		<id column="co_id" property="coId" />
		<result column="co_name" property="coName" />
		<result column="le_id" property="leId" />
		<result column="le_name" property="leName" />
		<result column="le_menu" property="leMenu" />
		<result column="co_linkman" property="linkman" />
		<result column="co_linkman_phone" property="linkmanPhone" />
		<result column="co_address" property="address" />
		<result column="co_tel" property="tel" />
		<result column="co_fax" property="fax" />
		<result column="co_mail" property="mail" />
		<result column="co_createdate" property="create" />
	</resultMap>
	
	<!-- 根据公司ID查询公司信息 -->
	<select id="queryById" parameterType="int" resultMap="company">
		select co.*, le.le_name, le.le_menu
		from je_company co
		inner join je_company_level le on co.le_id = le.le_id
		where co.co_id = #{coId}
	</select>
</mapper>