<?xml version="1.0" encoding="UTF-8" ?>
<!DOCTYPE mapper PUBLIC "-//mybatis.org//DTD Mapper 3.0//EN" "http://mybatis.org/dtd/mybatis-3-mapper.dtd" >
<mapper namespace="com.jewelry.mapper.DictMapper">

	<resultMap id="BaseResultMap" type="java.util.Map">
		<id column="DI_ID" property="DI_ID" jdbcType="BIGINT" />
		<result column="DI_CUSTOMER_ID" property="DI_CUSTOMER_ID" jdbcType="BIGINT" />
		<result column="DI_NAME" property="DI_NAME" jdbcType="VARCHAR" />
		<result column="DI_VALUE" property="DI_VALUE" jdbcType="VARCHAR" />
		<result column="DI_DESC" property="DI_DESC" jdbcType="VARCHAR" />
		<result column="DI_SORT" property="DI_SORT" jdbcType="BIGINT" />
		<result column="DI_UPDATETIME" property="DI_UPDATETIME" jdbcType="TIMESTAMP" />
	</resultMap>

	<select id="selDictByPage" resultMap="BaseResultMap" parameterType="java.util.Map">
		SELECT DI_ID, DI_CUSTOMER_ID,
		DI_NAME,DI_VALUE, DI_DESC,DI_SORT,DI_UPDATETIME FROM JE_DICT
	</select>

</mapper>