<?xml version="1.0" encoding="UTF-8" ?>
<!DOCTYPE mapper PUBLIC "-//mybatis.org//DTD Mapper 3.0//EN" "http://mybatis.org/dtd/mybatis-3-mapper.dtd" >
<mapper namespace="com.jewelry.mapper.SysMenuMapper">
	<resultMap id="BaseResultMap" type="java.util.Map">
		<id column="mn_id" property="mn_id" jdbcType="VARCHAR" />
		<result column="mn_pid" property="mn_pid" jdbcType="VARCHAR" />
		<result column="mn_url" property="mn_url" jdbcType="VARCHAR" />
		<result column="mn_icon" property="mn_icon" jdbcType="VARCHAR" />
		<result column="mn_oprname" property="mn_oprname" jdbcType="VARCHAR" />
		<result column="mn_isparent" property="mn_isparent" jdbcType="VARCHAR" />
		<result column="mn_isshow" property="mn_isshow" jdbcType="VARCHAR" />
		<result column="mn_sort" property="mn_sort" jdbcType="VARCHAR" />
		<result column="mn_createdate" property="mn_createdate" jdbcType="VARCHAR" />
		<result column="mn_updatetime" property="mn_updatetime" jdbcType="TIMESTAMP" />
	</resultMap>

</mapper>